Name,Artist,Composer,Album,Grouping,Work,Movement Number,Movement Count,Movement Name,Genre,Size,Time,Disc Number,Disc Count,Track Number,Track Count,Year,Date Modified,Date Added,Bit Rate,Sample Rate,Volume Adjustment,Kind,Equalizer,Comments,Plays,Last Played,Skips,Last Skipped,My Rating,Location
Distance de fée,Duo Gazzana,Toru Takemitsu,"Takemitsu, Hindemith, Janá?ek, Silvestrov: Five Pieces",,,,,,Classical,13145551,382,1,1,1,12,2011,2017-05-29 20:03,2013-10-22 17:39,256,44100,,Purchased AAC audio file,,,,,,,,"E:\iTunes_library\Music\Duo Gazzana\Takemitsu, Hindemith, Janá?ek, Silvestro\01 Distance de fée.m4a"
Sonata in E Major for Violin and Piano: I. Ruhig bewegt,Duo Gazzana,Paul Hindemith,"Takemitsu, Hindemith, Janá?ek, Silvestrov: Five Pieces",,,,,,Classical,7459840,212,1,1,2,12,2011,2017-05-29 20:03,2013-10-22 17:39,256,44100,,Purchased AAC audio file,,,,,,,,"E:\iTunes_library\Music\Duo Gazzana\Takemitsu, Hindemith, Janá?ek, Silvestro\02 Sonata in E Major for Violin and.m4a"
Sonata in E Major for Violin and Piano: II. Langsam - Sehr lebhaft,Duo Gazzana,Paul Hindemith,"Takemitsu, Hindemith, Janá?ek, Silvestrov: Five Pieces",,,,,,Classical,12141221,351,1,1,3,12,2011,2017-05-29 20:03,2013-10-22 17:39,256,44100,,Purchased AAC audio file,,,,,,,,"E:\iTunes_library\Music\Duo Gazzana\Takemitsu, Hindemith, Janá?ek, Silvestro\03 Sonata in E Major for Violin and.m4a"
Sonata for Violin and Piano: I. Con moto,Duo Gazzana,Leoš Janá?ek,"Takemitsu, Hindemith, Janá?ek, Silvestrov: Five Pieces",,,,,,Classical,10512388,305,1,1,4,12,2011,2017-05-29 20:04,2013-10-22 17:39,256,44100,,Purchased AAC audio file,,,,,,,,"E:\iTunes_library\Music\Duo Gazzana\Takemitsu, Hindemith, Janá?ek, Silvestro\04 Sonata for Violin and Piano_ I. C.m4a"
Sonata for Violin and Piano: II. Ballada (Con moto),Duo Gazzana,Leoš Janá?ek,"Takemitsu, Hindemith, Janá?ek, Silvestrov: Five Pieces",,,,,,Classical,9093204,261,1,1,5,12,2011,2017-05-29 20:03,2013-10-22 17:39,256,44100,,Purchased AAC audio file,,,,,,,,"E:\iTunes_library\Music\Duo Gazzana\Takemitsu, Hindemith, Janá?ek, Silvestro\05 Sonata for Violin and Piano_ II..m4a"
Sonata for Violin and Piano: III. Allegretto,Duo Gazzana,Leoš Janá?ek,"Takemitsu, Hindemith, Janá?ek, Silvestrov: Five Pieces",,,,,,Classical,5284245,145,1,1,6,12,2011,2017-05-29 20:04,2013-10-22 17:39,256,44100,,Purchased AAC audio file,,,,,,,,"E:\iTunes_library\Music\Duo Gazzana\Takemitsu, Hindemith, Janá?ek, Silvestro\06 Sonata for Violin and Piano_ III..m4a"
Sonata for Violin and Piano: IV. Adagio,Duo Gazzana,Leoš Janá?ek,"Takemitsu, Hindemith, Janá?ek, Silvestrov: Five Pieces",,,,,,Classical,8602144,249,1,1,7,12,2011,2017-05-29 20:04,2013-10-22 17:39,256,44100,,Purchased AAC audio file,,,,,,,,"E:\iTunes_library\Music\Duo Gazzana\Takemitsu, Hindemith, Janá?ek, Silvestro\07 Sonata for Violin and Piano_ IV..m4a"
Five Pieces for Violin and Piano: I. Elegia (Andante larghetto),Duo Gazzana,Valentin Silvestrov,"Takemitsu, Hindemith, Janá?ek, Silvestrov: Five Pieces",,,,,,Classical,6190795,179,1,1,8,12,2011,2017-05-29 20:04,2013-10-22 17:39,256,44100,,Purchased AAC audio file,,,,,,,,"E:\iTunes_library\Music\Duo Gazzana\Takemitsu, Hindemith, Janá?ek, Silvestro\08 Five Pieces for Violin and Piano_.m4a"
Five Pieces for Violin and Piano: II. Serenata (Moderato),Duo Gazzana,Valentin Silvestrov,"Takemitsu, Hindemith, Janá?ek, Silvestrov: Five Pieces",,,,,,Classical,6501064,188,1,1,9,12,2011,2017-05-29 20:04,2013-10-22 17:39,256,44100,,Purchased AAC audio file,,,,,,,,"E:\iTunes_library\Music\Duo Gazzana\Takemitsu, Hindemith, Janá?ek, Silvestro\09 Five Pieces for Violin and Piano_.m4a"
Five Pieces for Violin and Piano: III. Intermezzo (Moderato),Duo Gazzana,Valentin Silvestrov,"Takemitsu, Hindemith, Janá?ek, Silvestrov: Five Pieces",,,,,,Classical,5374754,158,1,1,10,12,2011,2017-05-29 20:04,2013-10-22 17:39,256,44100,,Purchased AAC audio file,,,,,,,,"E:\iTunes_library\Music\Duo Gazzana\Takemitsu, Hindemith, Janá?ek, Silvestro\10 Five Pieces for Violin and Piano_.m4a"
Five Pieces for Violin and Piano: IV. Barcarole (Andantino),Duo Gazzana,Valentin Silvestrov,"Takemitsu, Hindemith, Janá?ek, Silvestrov: Five Pieces",,,,,,Classical,6795349,193,1,1,11,12,2011,2017-05-29 20:04,2013-10-22 17:39,256,44100,,Purchased AAC audio file,,,,,,,,"E:\iTunes_library\Music\Duo Gazzana\Takemitsu, Hindemith, Janá?ek, Silvestro\11 Five Pieces for Violin and Piano_.m4a"
Five Pieces for Violin and Piano: V. Nocturne (Larghetto),Duo Gazzana,Valentin Silvestrov,"Takemitsu, Hindemith, Janá?ek, Silvestrov: Five Pieces",,,,,,Classical,6353515,188,1,1,12,12,2011,2017-05-29 20:04,2013-10-22 17:39,256,44100,,Purchased AAC audio file,,,,,,,,"E:\iTunes_library\Music\Duo Gazzana\Takemitsu, Hindemith, Janá?ek, Silvestro\12 Five Pieces for Violin and Piano_.m4a"
Litany,"The Hilliard Ensemble, Tönu Kaljuste, Tallinn Chamber Orchestra & Estonian Philharmonic Chamber Choir",Arvo Pärt,Litany,Litany,,,,,Classical,45440421,1365,1,1,1,3,1996,2017-05-29 17:39,2016-01-04 11:45,256,44100,,Purchased AAC audio file,,,,,,,,"E:\iTunes_library\Music\Estonian Philharmonic Chamber Choir, Tal\Litany\01 Litany.m4a"
Psalom,Saulius Sondeckis & Lithuanian Chamber Orchestra,Arvo Pärt,Litany,,,,,,Classical,13335893,405,1,1,2,3,1996,2017-05-29 17:39,2016-01-04 11:45,256,44100,,Purchased AAC audio file,,,,,,,,"E:\iTunes_library\Music\Estonian Philharmonic Chamber Choir, Tal\Litany\02 Psalom.m4a"
Trisagion,Saulius Sondeckis & Lithuanian Chamber Orchestra,Arvo Pärt,Litany,Trisagion,,,,,Classical,24053535,713,1,1,3,3,1996,2017-05-29 17:39,2016-01-04 11:45,256,44100,,Purchased AAC audio file,,,,,,,,"E:\iTunes_library\Music\Estonian Philharmonic Chamber Choir, Tal\Litany\03 Trisagion.m4a"
Rothko Chapel,"Kim Kashkashian, Robert Simpson, Houston Chamber Choir, Sarah Rothenberg, Steven Schick, Sonja Bruzauskas & Lauren Snouffer",Morton Feldman,Rothko Chapel - Morton Feldman / Erik Satie / John Cage,Rothko Chapel,,,,,Classical,57646319,1581,1,1,1,10,2015,2017-05-29 17:37,2016-02-16 20:51,256,44100,,Purchased AAC audio file,,,,,,,,"E:\iTunes_library\Music\Kim Kashkashian, Houston Chamber Choir,\Rothko Chapel - Morton Feldman _ Erik Sa\01 Rothko Chapel.m4a"
Gnossienne No. 4,Sarah Rothenberg,Erik Satie,Rothko Chapel - Morton Feldman / Erik Satie / John Cage,Gnossienne No. 4,,,,,Classical,7736769,216,1,1,2,10,2015,2017-05-29 17:37,2016-02-16 20:51,256,44100,,Purchased AAC audio file,,,,,,,,"E:\iTunes_library\Music\Kim Kashkashian, Houston Chamber Choir,\Rothko Chapel - Morton Feldman _ Erik Sa\02 Gnossienne No. 4.m4a"
Four2,Houston Chamber Choir & Robert Simpson,John Cage,Rothko Chapel - Morton Feldman / Erik Satie / John Cage,Four2,,,,,Classical,13962974,388,1,1,3,10,2015,2017-05-29 17:37,2016-02-16 20:51,256,44100,,Purchased AAC audio file,,,,,,,,"E:\iTunes_library\Music\Kim Kashkashian, Houston Chamber Choir,\Rothko Chapel - Morton Feldman _ Erik Sa\03 Four2.m4a"
Ogive No. 1,Sarah Rothenberg,Erik Satie,Rothko Chapel - Morton Feldman / Erik Satie / John Cage,Ogive No. 1,,,,,Classical,6583979,184,1,1,4,10,2015,2017-05-29 17:37,2016-02-16 20:51,256,44100,,Purchased AAC audio file,,,,,,,,"E:\iTunes_library\Music\Kim Kashkashian, Houston Chamber Choir,\Rothko Chapel - Morton Feldman _ Erik Sa\04 Ogive No. 1.m4a"
Ear For Ear (Antiphonies),Robert Simpson & Houston Chamber Choir,John Cage,Rothko Chapel - Morton Feldman / Erik Satie / John Cage,Ear For Ear (Antiphonies),,,,,Classical,8883291,249,1,1,5,10,2015,2017-05-29 17:37,2016-02-16 20:51,256,44100,,Purchased AAC audio file,,,,,,,,"E:\iTunes_library\Music\Kim Kashkashian, Houston Chamber Choir,\Rothko Chapel - Morton Feldman _ Erik Sa\05 Ear For Ear (Antiphonies).m4a"
Ogive No. 2,Sarah Rothenberg,Erik Satie,Rothko Chapel - Morton Feldman / Erik Satie / John Cage,Ogive No. 2,,,,,Classical,6702066,187,1,1,6,10,2015,2017-05-29 17:37,2016-02-16 20:51,256,44100,,Purchased AAC audio file,,,,,,,,"E:\iTunes_library\Music\Kim Kashkashian, Houston Chamber Choir,\Rothko Chapel - Morton Feldman _ Erik Sa\06 Ogive No. 2.m4a"
Gnossienne No. 1,Sarah Rothenberg,Erik Satie,Rothko Chapel - Morton Feldman / Erik Satie / John Cage,Gnossienne No. 1,,,,,Classical,11188090,316,1,1,7,10,2015,2017-05-29 17:37,2016-02-16 20:51,256,44100,,Purchased AAC audio file,,,,,,,,"E:\iTunes_library\Music\Kim Kashkashian, Houston Chamber Choir,\Rothko Chapel - Morton Feldman _ Erik Sa\07 Gnossienne No. 1.m4a"
Five,Robert Simpson & Houston Chamber Choir,John Cage,Rothko Chapel - Morton Feldman / Erik Satie / John Cage,Five,,,,,Classical,11132904,307,1,1,8,10,2015,2017-05-29 17:37,2016-02-16 20:51,256,44100,,Purchased AAC audio file,,,,,,,,"E:\iTunes_library\Music\Kim Kashkashian, Houston Chamber Choir,\Rothko Chapel - Morton Feldman _ Erik Sa\08 Five.m4a"
Gnossienne No. 3,Sarah Rothenberg,Erik Satie,Rothko Chapel - Morton Feldman / Erik Satie / John Cage,Gnossienne No. 3,,,,,Classical,7613708,210,1,1,9,10,2015,2017-05-29 17:38,2016-02-16 20:51,256,44100,,Purchased AAC audio file,,,,,,,,"E:\iTunes_library\Music\Kim Kashkashian, Houston Chamber Choir,\Rothko Chapel - Morton Feldman _ Erik Sa\09 Gnossienne No. 3.m4a"
In A Landscape,Sarah Rothenberg,John Cage,Rothko Chapel - Morton Feldman / Erik Satie / John Cage,In A Landscape,,,,,Classical,19894408,581,1,1,10,10,2015,2017-05-29 17:38,2016-02-16 20:51,256,44100,,Purchased AAC audio file,,,,,,,,"E:\iTunes_library\Music\Kim Kashkashian, Houston Chamber Choir,\Rothko Chapel - Morton Feldman _ Erik Sa\10 In A Landscape.m4a"
Passacaglia in G Minor,Michelle Makarski,Heinrich Ignaz Franz von Biber,"Caoine - Biber, Hartke, Reger, Rochberg, Bach",,,,,,Classical,20365814,593,1,1,1,18,1997,2017-05-29 19:52,2013-11-18 7:24,256,44100,,Purchased AAC audio file,,,,,,,,"E:\iTunes_library\Music\Michelle Makarski\Caoine - Biber, Hartke, Reger, Rochberg,\01 Passacaglia in G Minor.m4a"
Caoine,Michelle Makarski,Stephen Hartke,"Caoine - Biber, Hartke, Reger, Rochberg, Bach",,,,,,Classical,16426263,481,1,1,2,18,1997,2017-05-29 19:53,2013-11-18 7:24,256,44100,,Purchased AAC audio file,,,,,,,,"E:\iTunes_library\Music\Michelle Makarski\Caoine - Biber, Hartke, Reger, Rochberg,\02 Caoine.m4a"
"Chaconne, Op. 91",Michelle Makarski,Max Reger,"Caoine - Biber, Hartke, Reger, Rochberg, Bach",,,,,,Classical,28593557,841,1,1,3,18,1997,2017-05-29 19:53,2013-11-18 7:24,256,44100,,Purchased AAC audio file,,,,,,,,"E:\iTunes_library\Music\Michelle Makarski\Caoine - Biber, Hartke, Reger, Rochberg,\03 Chaconne, Op. 91.m4a"
"Caprice Variations: No. 18, Allegro Fantastico",Michelle Makarski,George Rochberg,"Caoine - Biber, Hartke, Reger, Rochberg, Bach",Caprice Variations,,,,,Classical,4262813,117,1,1,4,18,1997,2017-05-29 19:52,2013-11-18 7:24,256,44100,,Purchased AAC audio file,,,,,,,,"E:\iTunes_library\Music\Michelle Makarski\Caoine - Biber, Hartke, Reger, Rochberg,\04 Caprice Variations_ No. 18, Alleg.m4a"
"Caprice Variations: No. 19, Vivace",Michelle Makarski,George Rochberg,"Caoine - Biber, Hartke, Reger, Rochberg, Bach",Caprice Variations,,,,,Classical,3638513,96,1,1,5,18,1997,2017-05-29 19:53,2013-11-18 7:24,256,44100,,Purchased AAC audio file,,,,,,,,"E:\iTunes_library\Music\Michelle Makarski\Caoine - Biber, Hartke, Reger, Rochberg,\05 Caprice Variations_ No. 19, Vivac.m4a"
"Caprice Variations: No. 34, Molto Adagio",Michelle Makarski,George Rochberg,"Caoine - Biber, Hartke, Reger, Rochberg, Bach",Caprice Variations,,,,,Classical,4984786,137,1,1,6,18,1997,2017-05-29 19:53,2013-11-18 7:24,256,44100,,Purchased AAC audio file,,,,,,,,"E:\iTunes_library\Music\Michelle Makarski\Caoine - Biber, Hartke, Reger, Rochberg,\06 Caprice Variations_ No. 34, Molto.m4a"
"Caprice Variations: No. 35, Allegro molto - Fantastico",Michelle Makarski,George Rochberg,"Caoine - Biber, Hartke, Reger, Rochberg, Bach",Caprice Variations,,,,,Classical,3133800,80,1,1,7,18,1997,2017-05-29 19:53,2013-11-18 7:24,256,44100,,Purchased AAC audio file,,,,,,,,"E:\iTunes_library\Music\Michelle Makarski\Caoine - Biber, Hartke, Reger, Rochberg,\07 Caprice Variations_ No. 35, Alleg.m4a"
"Caprice Variations: No. 39, Elegiac - Fantastico",Michelle Makarski,George Rochberg,"Caoine - Biber, Hartke, Reger, Rochberg, Bach",Caprice Variations,,,,,Classical,6447955,176,1,1,8,18,1997,2017-05-29 19:53,2013-11-18 7:24,256,44100,,Purchased AAC audio file,,,,,,,,"E:\iTunes_library\Music\Michelle Makarski\Caoine - Biber, Hartke, Reger, Rochberg,\08 Caprice Variations_ No. 39, Elegi.m4a"
"Caprice Variations: No. 41, Allegro Molto",Michelle Makarski,George Rochberg,"Caoine - Biber, Hartke, Reger, Rochberg, Bach",Caprice Variations,,,,,Classical,1904689,42,1,1,9,18,1997,2017-05-29 19:53,2013-11-18 7:24,256,44100,,Purchased AAC audio file,,,,,,,,"E:\iTunes_library\Music\Michelle Makarski\Caoine - Biber, Hartke, Reger, Rochberg,\09 Caprice Variations_ No. 41, Alleg.m4a"
"Caprice Variations: No. 42, Nocturnal - Slow",Michelle Makarski,George Rochberg,"Caoine - Biber, Hartke, Reger, Rochberg, Bach",Caprice Variations,,,,,Classical,4406612,121,1,1,10,18,1997,2017-05-29 19:53,2013-11-18 7:24,256,44100,,Purchased AAC audio file,,,,,,,,"E:\iTunes_library\Music\Michelle Makarski\Caoine - Biber, Hartke, Reger, Rochberg,\10 Caprice Variations_ No. 42, Noctu.m4a"
"Caprice Variations: No. 47, Arabesque - Fantastico",Michelle Makarski,George Rochberg,"Caoine - Biber, Hartke, Reger, Rochberg, Bach",Caprice Variations,,,,,Classical,5972564,167,1,1,11,18,1997,2017-05-29 19:53,2013-11-18 7:24,256,44100,,Purchased AAC audio file,,,,,,,,"E:\iTunes_library\Music\Michelle Makarski\Caoine - Biber, Hartke, Reger, Rochberg,\11 Caprice Variations_ No. 47, Arabe.m4a"
"Caprice Variations: No. 48, Moderately Fast - Fantastico",Michelle Makarski,George Rochberg,"Caoine - Biber, Hartke, Reger, Rochberg, Bach",Caprice Variations,,,,,Classical,4170423,109,1,1,12,18,1997,2017-05-29 19:53,2013-11-18 7:24,256,44100,,Purchased AAC audio file,,,,,,,,"E:\iTunes_library\Music\Michelle Makarski\Caoine - Biber, Hartke, Reger, Rochberg,\12 Caprice Variations_ No. 48, Moder.m4a"
"Caprice Variations: No. 50, Fantasy",Michelle Makarski,George Rochberg,"Caoine - Biber, Hartke, Reger, Rochberg, Bach",Caprice Variations,,,,,Classical,5087715,140,1,1,13,18,1997,2017-05-29 19:53,2013-11-18 7:24,256,44100,,Purchased AAC audio file,,,,,,,,"E:\iTunes_library\Music\Michelle Makarski\Caoine - Biber, Hartke, Reger, Rochberg,\13 Caprice Variations_ No. 50, Fanta.m4a"
"Caprice Variations: No. 51, Quasi Presto - Robusto",Michelle Makarski,George Rochberg,"Caoine - Biber, Hartke, Reger, Rochberg, Bach",Caprice Variations,,,,,Classical,1596228,32,1,1,14,18,1997,2017-05-29 19:53,2013-11-18 7:24,256,44100,,Purchased AAC audio file,,,,,,,,"E:\iTunes_library\Music\Michelle Makarski\Caoine - Biber, Hartke, Reger, Rochberg,\14 Caprice Variations_ No. 51, Quasi.m4a"
"Partita for Violin Solo No. 1 in B Minor, BWV 1002: I. Allemanda - Double",Michelle Makarski,Johann Sebastian Bach,"Caoine - Biber, Hartke, Reger, Rochberg, Bach","Partita for Violin Solo No. 1 In B Minor, BWV 1002",,,,,Classical,14468532,423,1,1,15,18,1997,2017-05-29 19:53,2013-11-18 7:24,256,44100,,Purchased AAC audio file,,,,,,,,"E:\iTunes_library\Music\Michelle Makarski\Caoine - Biber, Hartke, Reger, Rochberg,\15 Partita for Violin Solo No. 1 in.m4a"
"Partita for Violin Solo No. 1 in B Minor, BWV 1002: II. Corrente - Double",Michelle Makarski,Johann Sebastian Bach,"Caoine - Biber, Hartke, Reger, Rochberg, Bach","Partita for Violin Solo No. 1 In B Minor, BWV 1002",,,,,Classical,10810437,311,1,1,16,18,1997,2017-05-29 19:53,2013-11-18 7:24,256,44100,,Purchased AAC audio file,,,,,,,,"E:\iTunes_library\Music\Michelle Makarski\Caoine - Biber, Hartke, Reger, Rochberg,\16 Partita for Violin Solo No. 1 in.m4a"
"Partita for Violin Solo No. 1 in B Minor, BWV 1002: III. Sarabande - Double",Michelle Makarski,Johann Sebastian Bach,"Caoine - Biber, Hartke, Reger, Rochberg, Bach","Partita for Violin Solo No. 1 In B Minor, BWV 1002",,,,,Classical,8650136,246,1,1,17,18,1997,2017-05-29 19:53,2013-11-18 7:24,256,44100,,Purchased AAC audio file,,,,,,,,"E:\iTunes_library\Music\Michelle Makarski\Caoine - Biber, Hartke, Reger, Rochberg,\17 Partita for Violin Solo No. 1 in.m4a"
"Partita for Violin Solo No. 1 in B Minor, BWV 1002: IV. Tempo Di Borea - Double",Michelle Makarski,Johann Sebastian Bach,"Caoine - Biber, Hartke, Reger, Rochberg, Bach","Partita for Violin Solo No. 1 In B Minor, BWV 1002",,,,,Classical,10171265,295,1,1,18,18,1997,2017-05-29 19:53,2013-11-18 7:24,256,44100,,Purchased AAC audio file,,,,,,,,"E:\iTunes_library\Music\Michelle Makarski\Caoine - Biber, Hartke, Reger, Rochberg,\18 Partita for Violin Solo No. 1 in.m4a"
Sonata for Violin No. 9 in A: I. Largo Andante,Michelle Makarski,Giuseppe Tartini,To Be Sung On the Water,Sonata for Violin No. 9 in A,,,,,Classical,9035950,251,1,1,1,13,2006,2017-05-29 19:54,2013-11-18 7:23,256,44100,,Purchased AAC audio file,,,,,,,,E:\iTunes_library\Music\Michelle Makarski & Ronald Copes\To Be Sung On the Water\01 Sonata for Violin No. 9 in A_ I..m4a
Sonata for Violin No. 9 in A: II. Allegro,Michelle Makarski,Giuseppe Tartini,To Be Sung On the Water,Sonata for Violin No. 9 in A,,,,,Classical,4332807,116,1,1,2,13,2006,2017-05-29 19:53,2013-11-18 7:23,256,44100,,Purchased AAC audio file,,,,,,,,E:\iTunes_library\Music\Michelle Makarski & Ronald Copes\To Be Sung On the Water\02 Sonata for Violin No. 9 in A_ II..m4a
Sonata for Violin No. 9 in A: III. Allegro Assai,Michelle Makarski,Giuseppe Tartini,To Be Sung On the Water,Sonata for Violin No. 9 in A,,,,,Classical,3638867,94,1,1,3,13,2006,2017-05-29 19:53,2013-11-18 7:23,256,44100,,Purchased AAC audio file,,,,,,,,E:\iTunes_library\Music\Michelle Makarski & Ronald Copes\To Be Sung On the Water\03 Sonata for Violin No. 9 in A_ III.m4a
Sonata for Violin No. 9 in A: IV. Menuet,Michelle Makarski,Giuseppe Tartini,To Be Sung On the Water,Sonata for Violin No. 9 in A,,,,,Classical,3437989,87,1,1,4,13,2006,2017-05-29 19:53,2013-11-18 7:23,256,44100,,Purchased AAC audio file,,,,,,,,E:\iTunes_library\Music\Michelle Makarski & Ronald Copes\To Be Sung On the Water\04 Sonata for Violin No. 9 in A_ IV..m4a
Sonata for Violin No. 9 in A: V. Allegro,Michelle Makarski,Giuseppe Tartini,To Be Sung On the Water,Sonata for Violin No. 9 in A,,,,,Classical,6686046,187,1,1,5,13,2006,2017-05-29 19:54,2013-11-18 7:23,256,44100,,Purchased AAC audio file,,,,,,,,E:\iTunes_library\Music\Michelle Makarski & Ronald Copes\To Be Sung On the Water\05 Sonata for Violin No. 9 in A_ V..m4a
To Be Sung On the Water,Michelle Makarski & Ronald Copes,Donald Crockett,To Be Sung On the Water,,,,,,Classical,23340119,690,1,1,6,13,2006,2017-05-29 19:54,2013-11-18 7:23,256,44100,,Purchased AAC audio file,,,,,,,,E:\iTunes_library\Music\Michelle Makarski & Ronald Copes\To Be Sung On the Water\06 To Be Sung On the Water.m4a
Sonata for Violin No. 2 in D Minor: I. Siciliana,Michelle Makarski,Giuseppe Tartini,To Be Sung On the Water,Sonata for Violin No. 2 in D minor,,,,,Classical,7260285,204,1,1,7,13,2006,2017-05-29 19:54,2013-11-18 7:23,256,44100,,Purchased AAC audio file,,,,,,,,E:\iTunes_library\Music\Michelle Makarski & Ronald Copes\To Be Sung On the Water\07 Sonata for Violin No. 2 in D Mino.m4a
Sonata for Violin No. 2 in D Minor: II. Allegro,Michelle Makarski,Giuseppe Tartini,To Be Sung On the Water,Sonata for Violin No. 2 in D minor,,,,,Classical,4841576,129,1,1,8,13,2006,2017-05-29 19:54,2013-11-18 7:23,256,44100,,Purchased AAC audio file,,,,,,,,E:\iTunes_library\Music\Michelle Makarski & Ronald Copes\To Be Sung On the Water\08 Sonata for Violin No. 2 in D Mino.m4a
Sonata for Violin No. 2 in D Minor: III. Allegro Affetuoso,Michelle Makarski,Giuseppe Tartini,To Be Sung On the Water,Sonata for Violin No. 2 in D minor,,,,,Classical,7320442,206,1,1,9,13,2006,2017-05-29 19:54,2013-11-18 7:23,256,44100,,Purchased AAC audio file,,,,,,,,E:\iTunes_library\Music\Michelle Makarski & Ronald Copes\To Be Sung On the Water\09 Sonata for Violin No. 2 in D Mino.m4a
Mickey Finn,Michelle Makarski,Donald Crockett,To Be Sung On the Water,,,,,,Classical,20311894,598,1,1,10,13,2006,2017-05-29 19:54,2013-11-18 7:23,256,44100,,Purchased AAC audio file,,,,,,,,E:\iTunes_library\Music\Michelle Makarski & Ronald Copes\To Be Sung On the Water\10 Mickey Finn.m4a
Sonata for Violin No. 13 in B minor: I. Andante,Michelle Makarski,Giuseppe Tartini,To Be Sung On the Water,Sonata for Violin No. 13 in B minor,,,,,Classical,8976795,255,1,1,11,13,2006,2017-05-29 19:54,2013-11-18 7:23,256,44100,,Purchased AAC audio file,,,,,,,,E:\iTunes_library\Music\Michelle Makarski & Ronald Copes\To Be Sung On the Water\11 Sonata for Violin No. 13 in B min.m4a
Sonata for Violin No. 13 in B minor: II. Allegro Assai,Michelle Makarski,Giuseppe Tartini,To Be Sung On the Water,Sonata for Violin No. 13 in B minor,,,,,Classical,5026011,137,1,1,12,13,2006,2017-05-29 19:54,2013-11-18 7:23,256,44100,,Purchased AAC audio file,,,,,,,,E:\iTunes_library\Music\Michelle Makarski & Ronald Copes\To Be Sung On the Water\12 Sonata for Violin No. 13 in B min.m4a
Sonata for Violin No. 13 in B minor: III. Giga. Allegro Affetuoso,Michelle Makarski,Giuseppe Tartini,To Be Sung On the Water,Sonata for Violin No. 13 in B minor,,,,,Classical,6177700,176,1,1,13,13,2006,2017-05-29 19:54,2013-11-18 7:23,256,44100,,Purchased AAC audio file,,,,,,,,E:\iTunes_library\Music\Michelle Makarski & Ronald Copes\To Be Sung On the Water\13 Sonata for Violin No. 13 in B min.m4a
"15 Two-part Inventions, BWV 772/786: Inventio 1 C-Dur",Till Fellner,Johann Sebastian Bach,Bach: Inventionen und Sinfonien & Französische Suite V,"15 Two-part Inventions, BWV 772/786",,,,,Classical,2885245,72,1,1,1,37,2009,2017-05-29 19:49,2009-09-12 8:13,256,44100,,Purchased AAC audio file,,,,,,,,"E:\iTunes_library\Music\Till Fellner\Bach_ Inventionen und Sinfonien & Franzö\01 15 Two-part Inventions, BWV 772_7.m4a"
"15 Two-part Inventions, BWV 772/786: Inventio 2 C-Moll",Till Fellner,Johann Sebastian Bach,Bach: Inventionen und Sinfonien & Französische Suite V,"15 Two-part Inventions, BWV 772/786",,,,,Classical,2992496,75,1,1,2,37,2009,2017-05-29 19:49,2009-09-12 8:13,256,44100,,Purchased AAC audio file,,,,,,,,"E:\iTunes_library\Music\Till Fellner\Bach_ Inventionen und Sinfonien & Franzö\02 15 Two-part Inventions, BWV 772_7.m4a"
"15 Two-part Inventions, BWV 772/786: Inventio 3 D-Dur",Till Fellner,Johann Sebastian Bach,Bach: Inventionen und Sinfonien & Französische Suite V,"15 Two-part Inventions, BWV 772/786",,,,,Classical,3105460,78,1,1,3,37,2009,2017-05-29 19:49,2009-09-12 8:13,256,44100,,Purchased AAC audio file,,,,,,,,"E:\iTunes_library\Music\Till Fellner\Bach_ Inventionen und Sinfonien & Franzö\03 15 Two-part Inventions, BWV 772_7.m4a"
"15 Two-part Inventions, BWV 772/786: Inventio 4 D-Moll",Till Fellner,Johann Sebastian Bach,Bach: Inventionen und Sinfonien & Französische Suite V,"15 Two-part Inventions, BWV 772/786",,,,,Classical,2070381,46,1,1,4,37,2009,2017-05-29 19:49,2009-09-12 8:13,256,44100,,Purchased AAC audio file,,,,,,,,"E:\iTunes_library\Music\Till Fellner\Bach_ Inventionen und Sinfonien & Franzö\04 15 Two-part Inventions, BWV 772_7.m4a"
"15 Two-part Inventions, BWV 772/786: Inventio 5 Es-Dur",Till Fellner,Johann Sebastian Bach,Bach: Inventionen und Sinfonien & Französische Suite V,"15 Two-part Inventions, BWV 772/786",,,,,Classical,4095715,109,1,1,5,37,2009,2017-05-29 19:49,2009-09-12 8:13,256,44100,,Purchased AAC audio file,,,,,,,,"E:\iTunes_library\Music\Till Fellner\Bach_ Inventionen und Sinfonien & Franzö\05 15 Two-part Inventions, BWV 772_7.m4a"
"15 Two-part Inventions, BWV 772/786: Inventio 6 E-Dur",Till Fellner,Johann Sebastian Bach,Bach: Inventionen und Sinfonien & Französische Suite V,"15 Two-part Inventions, BWV 772/786",,,,,Classical,10056104,289,1,1,6,37,2009,2017-05-29 19:50,2009-09-12 8:13,256,44100,,Purchased AAC audio file,,,,,,,,"E:\iTunes_library\Music\Till Fellner\Bach_ Inventionen und Sinfonien & Franzö\06 15 Two-part Inventions, BWV 772_7.m4a"
"15 Two-part Inventions, BWV 772/786: Inventio 7 E-Moll",Till Fellner,Johann Sebastian Bach,Bach: Inventionen und Sinfonien & Französische Suite V,"15 Two-part Inventions, BWV 772/786",,,,,Classical,3211124,81,1,1,7,37,2009,2017-05-29 19:49,2009-09-12 8:13,256,44100,,Purchased AAC audio file,,,,,,,,"E:\iTunes_library\Music\Till Fellner\Bach_ Inventionen und Sinfonien & Franzö\07 15 Two-part Inventions, BWV 772_7.m4a"
"15 Two-part Inventions, BWV 772/786: Inventio 8 F-Dur",Till Fellner,Johann Sebastian Bach,Bach: Inventionen und Sinfonien & Französische Suite V,"15 Two-part Inventions, BWV 772/786",,,,,Classical,2144595,49,1,1,8,37,2009,2017-05-29 19:49,2009-09-12 8:13,256,44100,,Purchased AAC audio file,,,,,,,,"E:\iTunes_library\Music\Till Fellner\Bach_ Inventionen und Sinfonien & Franzö\08 15 Two-part Inventions, BWV 772_7.m4a"
"15 Two-part Inventions, BWV 772/786: Inventio 9 F-Moll",Till Fellner,Johann Sebastian Bach,Bach: Inventionen und Sinfonien & Französische Suite V,"15 Two-part Inventions, BWV 772/786",,,,,Classical,3658884,94,1,1,9,37,2009,2017-05-29 19:49,2009-09-12 8:13,256,44100,,Purchased AAC audio file,,,,,,,,"E:\iTunes_library\Music\Till Fellner\Bach_ Inventionen und Sinfonien & Franzö\09 15 Two-part Inventions, BWV 772_7.m4a"
"15 Two-part Inventions, BWV 772/786: Inventio 10 G-Dur",Till Fellner,Johann Sebastian Bach,Bach: Inventionen und Sinfonien & Französische Suite V,"15 Two-part Inventions, BWV 772/786",,,,,Classical,2288369,52,1,1,10,37,2009,2017-05-29 19:49,2009-09-12 8:13,256,44100,,Purchased AAC audio file,,,,,,,,"E:\iTunes_library\Music\Till Fellner\Bach_ Inventionen und Sinfonien & Franzö\10 15 Two-part Inventions, BWV 772_7.m4a"
"15 Two-part Inventions, BWV 772/786: Inventio 11 G-Moll",Till Fellner,Johann Sebastian Bach,Bach: Inventionen und Sinfonien & Französische Suite V,"15 Two-part Inventions, BWV 772/786",,,,,Classical,2876181,71,1,1,11,37,2009,2017-05-29 19:49,2009-09-12 8:13,256,44100,,Purchased AAC audio file,,,,,,,,"E:\iTunes_library\Music\Till Fellner\Bach_ Inventionen und Sinfonien & Franzö\11 15 Two-part Inventions, BWV 772_7.m4a"
"15 Two-part Inventions, BWV 772/786: Inventio 12 A-Dur",Till Fellner,Johann Sebastian Bach,Bach: Inventionen und Sinfonien & Französische Suite V,"15 Two-part Inventions, BWV 772/786",,,,,Classical,3464040,89,1,1,12,37,2009,2017-05-29 19:50,2009-09-12 8:13,256,44100,,Purchased AAC audio file,,,,,,,,"E:\iTunes_library\Music\Till Fellner\Bach_ Inventionen und Sinfonien & Franzö\12 15 Two-part Inventions, BWV 772_7.m4a"
"15 Two-part Inventions, BWV 772/786: Inventio 13 A-Moll",Till Fellner,Johann Sebastian Bach,Bach: Inventionen und Sinfonien & Französische Suite V,"15 Two-part Inventions, BWV 772/786",,,,,Classical,2381854,55,1,1,13,37,2009,2017-05-29 19:50,2009-09-12 8:13,256,44100,,Purchased AAC audio file,,,,,,,,"E:\iTunes_library\Music\Till Fellner\Bach_ Inventionen und Sinfonien & Franzö\13 15 Two-part Inventions, BWV 772_7.m4a"
"15 Two-part Inventions, BWV 772/786: Inventio 14 B-Dur",Till Fellner,Johann Sebastian Bach,Bach: Inventionen und Sinfonien & Französische Suite V,"15 Two-part Inventions, BWV 772/786",,,,,Classical,3199607,82,1,1,14,37,2009,2017-05-29 19:50,2009-09-12 8:13,256,44100,,Purchased AAC audio file,,,,,,,,"E:\iTunes_library\Music\Till Fellner\Bach_ Inventionen und Sinfonien & Franzö\14 15 Two-part Inventions, BWV 772_7.m4a"
"15 Two-part Inventions, BWV 772/786: Inventio 15 H-Moll",Till Fellner,Johann Sebastian Bach,Bach: Inventionen und Sinfonien & Französische Suite V,"15 Two-part Inventions, BWV 772/786",,,,,Classical,2845647,70,1,1,15,37,2009,2017-05-29 19:50,2009-09-12 8:13,256,44100,,Purchased AAC audio file,,,,,,,,"E:\iTunes_library\Music\Till Fellner\Bach_ Inventionen und Sinfonien & Franzö\15 15 Two-part Inventions, BWV 772_7.m4a"
"15 Three-part Inventions, BWV 787/801: Sinfonia 1 C-Dur",Till Fellner,Johann Sebastian Bach,Bach: Inventionen und Sinfonien & Französische Suite V,"15 Three-part Inventions, BWV 787/801",,,,,Classical,2631646,65,1,1,16,37,2009,2017-05-29 19:50,2009-09-12 8:13,256,44100,,Purchased AAC audio file,,,,,,,,"E:\iTunes_library\Music\Till Fellner\Bach_ Inventionen und Sinfonien & Franzö\16 15 Three-part Inventions, BWV 787.m4a"
"15 Three-part Inventions, BWV 787/801: Sinfonia 2 C-Moll",Till Fellner,Johann Sebastian Bach,Bach: Inventionen und Sinfonien & Französische Suite V,"15 Three-part Inventions, BWV 787/801",,,,,Classical,5230794,143,1,1,17,37,2009,2017-05-29 19:50,2009-09-12 8:13,256,44100,,Purchased AAC audio file,,,,,,,,"E:\iTunes_library\Music\Till Fellner\Bach_ Inventionen und Sinfonien & Franzö\17 15 Three-part Inventions, BWV 787.m4a"
"15 Three-part Inventions, BWV 787/801: Sinfonia 3 D-Dur",Till Fellner,Johann Sebastian Bach,Bach: Inventionen und Sinfonien & Französische Suite V,"15 Three-part Inventions, BWV 787/801",,,,,Classical,2616673,64,1,1,18,37,2009,2017-05-29 19:50,2009-09-12 8:13,256,44100,,Purchased AAC audio file,,,,,,,,"E:\iTunes_library\Music\Till Fellner\Bach_ Inventionen und Sinfonien & Franzö\18 15 Three-part Inventions, BWV 787.m4a"
"15 Three-part Inventions, BWV 787/801: Sinfonia 4 D-Moll",Till Fellner,Johann Sebastian Bach,Bach: Inventionen und Sinfonien & Französische Suite V,"15 Three-part Inventions, BWV 787/801",,,,,Classical,3806642,100,1,1,19,37,2009,2017-05-29 19:50,2009-09-12 8:13,256,44100,,Purchased AAC audio file,,,,,,,,"E:\iTunes_library\Music\Till Fellner\Bach_ Inventionen und Sinfonien & Franzö\19 15 Three-part Inventions, BWV 787.m4a"
"15 Three-part Inventions, BWV 787/801: Sinfonia 5 Es-Dur",Till Fellner,Johann Sebastian Bach,Bach: Inventionen und Sinfonien & Französische Suite V,"15 Three-part Inventions, BWV 787/801",,,,,Classical,5231489,145,1,1,20,37,2009,2017-05-29 19:50,2009-09-12 8:13,256,44100,,Purchased AAC audio file,,,,,,,,"E:\iTunes_library\Music\Till Fellner\Bach_ Inventionen und Sinfonien & Franzö\20 15 Three-part Inventions, BWV 787.m4a"
"15 Three-part Inventions, BWV 787/801: Sinfonia 6 E-Dur",Till Fellner,Johann Sebastian Bach,Bach: Inventionen und Sinfonien & Französische Suite V,"15 Three-part Inventions, BWV 787/801",,,,,Classical,3351371,87,1,1,21,37,2009,2017-05-29 19:50,2009-09-12 8:13,256,44100,,Purchased AAC audio file,,,,,,,,"E:\iTunes_library\Music\Till Fellner\Bach_ Inventionen und Sinfonien & Franzö\21 15 Three-part Inventions, BWV 787.m4a"
"15 Three-part Inventions, BWV 787/801: Sinfonia 7 E-Moll",Till Fellner,Johann Sebastian Bach,Bach: Inventionen und Sinfonien & Französische Suite V,"15 Three-part Inventions, BWV 787/801",,,,,Classical,4853180,132,1,1,22,37,2009,2017-05-29 19:50,2009-09-12 8:13,256,44100,,Purchased AAC audio file,,,,,,,,"E:\iTunes_library\Music\Till Fellner\Bach_ Inventionen und Sinfonien & Franzö\22 15 Three-part Inventions, BWV 787.m4a"
"15 Three-part Inventions, BWV 787/801: Sinfonia 8 F-Dur",Till Fellner,Johann Sebastian Bach,Bach: Inventionen und Sinfonien & Französische Suite V,"15 Three-part Inventions, BWV 787/801",,,,,Classical,2904732,73,1,1,23,37,2009,2017-05-29 19:50,2009-09-12 8:13,256,44100,,Purchased AAC audio file,,,,,,,,"E:\iTunes_library\Music\Till Fellner\Bach_ Inventionen und Sinfonien & Franzö\23 15 Three-part Inventions, BWV 787.m4a"
"15 Three-part Inventions, BWV 787/801: Sinfonia 9 F-Moll",Till Fellner,Johann Sebastian Bach,Bach: Inventionen und Sinfonien & Französische Suite V,"15 Three-part Inventions, BWV 787/801",,,,,Classical,7042320,198,1,1,24,37,2009,2017-05-29 19:50,2009-09-12 8:13,256,44100,,Purchased AAC audio file,,,,,,,,"E:\iTunes_library\Music\Till Fellner\Bach_ Inventionen und Sinfonien & Franzö\24 15 Three-part Inventions, BWV 787.m4a"
"15 Three-part Inventions, BWV 787/801: Sinfonia 10 G-Dur",Till Fellner,Johann Sebastian Bach,Bach: Inventionen und Sinfonien & Französische Suite V,"15 Three-part Inventions, BWV 787/801",,,,,Classical,2463698,59,1,1,25,37,2009,2017-05-29 19:50,2009-09-12 8:13,256,44100,,Purchased AAC audio file,,,,,,,,"E:\iTunes_library\Music\Till Fellner\Bach_ Inventionen und Sinfonien & Franzö\25 15 Three-part Inventions, BWV 787.m4a"
"15 Three-part Inventions, BWV 787/801: Sinfonia 11 G-Moll",Till Fellner,Johann Sebastian Bach,Bach: Inventionen und Sinfonien & Französische Suite V,"15 Three-part Inventions, BWV 787/801",,,,,Classical,4491619,122,1,1,26,37,2009,2017-05-29 19:50,2009-09-12 8:13,256,44100,,Purchased AAC audio file,,,,,,,,"E:\iTunes_library\Music\Till Fellner\Bach_ Inventionen und Sinfonien & Franzö\26 15 Three-part Inventions, BWV 787.m4a"
"15 Three-part Inventions, BWV 787/801: Sinfonia 12 A-Dur",Till Fellner,Johann Sebastian Bach,Bach: Inventionen und Sinfonien & Französische Suite V,"15 Three-part Inventions, BWV 787/801",,,,,Classical,3246800,83,1,1,27,37,2009,2017-05-29 19:50,2009-09-12 8:13,256,44100,,Purchased AAC audio file,,,,,,,,"E:\iTunes_library\Music\Till Fellner\Bach_ Inventionen und Sinfonien & Franzö\27 15 Three-part Inventions, BWV 787.m4a"
"15 Three-part Inventions, BWV 787/801: Sinfonia 13 A-Moll",Till Fellner,Johann Sebastian Bach,Bach: Inventionen und Sinfonien & Französische Suite V,"15 Three-part Inventions, BWV 787/801",,,,,Classical,4288528,116,1,1,28,37,2009,2017-05-29 19:50,2009-09-12 8:13,256,44100,,Purchased AAC audio file,,,,,,,,"E:\iTunes_library\Music\Till Fellner\Bach_ Inventionen und Sinfonien & Franzö\28 15 Three-part Inventions, BWV 787.m4a"
"15 Three-part Inventions, BWV 787/801: Sinfonia 14 B-Dur",Till Fellner,Johann Sebastian Bach,Bach: Inventionen und Sinfonien & Französische Suite V,"15 Three-part Inventions, BWV 787/801",,,,,Classical,3742594,98,1,1,29,37,2009,2017-05-29 19:50,2009-09-12 8:13,256,44100,,Purchased AAC audio file,,,,,,,,"E:\iTunes_library\Music\Till Fellner\Bach_ Inventionen und Sinfonien & Franzö\29 15 Three-part Inventions, BWV 787.m4a"
"15 Three-part Inventions, BWV 787/801: Sinfonia 15 H-Moll",Till Fellner,Johann Sebastian Bach,Bach: Inventionen und Sinfonien & Französische Suite V,"15 Three-part Inventions, BWV 787/801",,,,,Classical,3660456,95,1,1,30,37,2009,2017-05-29 19:50,2009-09-12 8:13,256,44100,,Purchased AAC audio file,,,,,,,,"E:\iTunes_library\Music\Till Fellner\Bach_ Inventionen und Sinfonien & Franzö\30 15 Three-part Inventions, BWV 787.m4a"
"French Suite No. 5 in G, BWV 816: Allemande",Till Fellner,Johann Sebastian Bach,Bach: Inventionen und Sinfonien & Französische Suite V,"French Suite No. 5 in G, BWV 816",,,,,Classical,6666123,186,1,1,31,37,2009,2017-05-29 19:50,2009-09-12 8:13,256,44100,,Purchased AAC audio file,,,,,,,,"E:\iTunes_library\Music\Till Fellner\Bach_ Inventionen und Sinfonien & Franzö\31 French Suite No. 5 in G, BWV 816_.m4a"
"French Suite No. 5 in G, BWV 816: Courante",Till Fellner,Johann Sebastian Bach,Bach: Inventionen und Sinfonien & Französische Suite V,"French Suite No. 5 in G, BWV 816",,,,,Classical,4119141,110,1,1,32,37,2009,2017-05-29 19:50,2009-09-12 8:13,256,44100,,Purchased AAC audio file,,,,,,,,"E:\iTunes_library\Music\Till Fellner\Bach_ Inventionen und Sinfonien & Franzö\32 French Suite No. 5 in G, BWV 816_.m4a"
"French Suite No. 5 in G, BWV 816: Sarabande",Till Fellner,Johann Sebastian Bach,Bach: Inventionen und Sinfonien & Französische Suite V,"French Suite No. 5 in G, BWV 816",,,,,Classical,10543985,312,1,1,33,37,2009,2017-05-29 19:50,2009-09-12 8:13,256,44100,,Purchased AAC audio file,,,,,,,,"E:\iTunes_library\Music\Till Fellner\Bach_ Inventionen und Sinfonien & Franzö\33 French Suite No. 5 in G, BWV 816_.m4a"
"French Suite No. 5 in G, BWV 816: Gavotte",Till Fellner,Johann Sebastian Bach,Bach: Inventionen und Sinfonien & Französische Suite V,"French Suite No. 5 in G, BWV 816",,,,,Classical,2846898,69,1,1,34,37,2009,2017-05-29 19:50,2009-09-12 8:13,256,44100,,Purchased AAC audio file,,,,,,,,"E:\iTunes_library\Music\Till Fellner\Bach_ Inventionen und Sinfonien & Franzö\34 French Suite No. 5 in G, BWV 816_.m4a"
"French Suite No. 5 in G, BWV 816: Bourrée",Till Fellner,Johann Sebastian Bach,Bach: Inventionen und Sinfonien & Französische Suite V,"French Suite No. 5 in G, BWV 816",,,,,Classical,3311397,85,1,1,35,37,2009,2017-05-29 19:50,2009-09-12 8:13,256,44100,,Purchased AAC audio file,,,,,,,,"E:\iTunes_library\Music\Till Fellner\Bach_ Inventionen und Sinfonien & Franzö\35 French Suite No. 5 in G, BWV 816_.m4a"
"French Suite No. 5 in G, BWV 816: Loure",Till Fellner,Johann Sebastian Bach,Bach: Inventionen und Sinfonien & Französische Suite V,"French Suite No. 5 in G, BWV 816",,,,,Classical,6185524,180,1,1,36,37,2009,2017-05-29 19:50,2009-09-12 8:13,256,44100,,Purchased AAC audio file,,,,,,,,"E:\iTunes_library\Music\Till Fellner\Bach_ Inventionen und Sinfonien & Franzö\36 French Suite No. 5 in G, BWV 816_.m4a"
"French Suite No. 5 in G, BWV 816: Gigue",Till Fellner,Johann Sebastian Bach,Bach: Inventionen und Sinfonien & Französische Suite V,"French Suite No. 5 in G, BWV 816",,,,,Classical,7539246,220,1,1,37,37,2009,2017-05-29 19:50,2009-09-12 8:13,256,44100,,Purchased AAC audio file,,,,,,,,"E:\iTunes_library\Music\Till Fellner\Bach_ Inventionen und Sinfonien & Franzö\37 French Suite No. 5 in G, BWV 816_.m4a"
"Sonata for Viola and Piano No. 2 in E flat, Op. 120 No. 2: I. Allegro amabile",Kim Kashkashian & Robert Levin,Johannes Brahms,Brahms: Sonaten für Viola und Klavier,"Sonata for Viola and Piano No.2 in E flat, Op.120 No.2",,,,,Classical,17308575,509,1,1,1,7,1997,2017-05-29 20:22,2009-01-29 22:21,256,44100,,Purchased AAC audio file,,,,,,,,E:\iTunes_library\Music\Kim Kashkashian & Robert Levin\Brahms_ Sonaten für Viola und Klavier\01 Sonata for Viola and Piano No. 2.m4a
"Sonata for Viola and Piano No. 2 in E flat, Op. 120 No. 2: II. Appassionato, ma non troppo allegro",Kim Kashkashian & Robert Levin,Johannes Brahms,Brahms: Sonaten für Viola und Klavier,"Sonata for Viola and Piano No.2 in E flat, Op.120 No.2",,,,,Classical,11422830,330,1,1,2,7,1997,2017-05-29 20:22,2009-01-29 22:21,256,44100,,Purchased AAC audio file,,,,,,,,E:\iTunes_library\Music\Kim Kashkashian & Robert Levin\Brahms_ Sonaten für Viola und Klavier\02 Sonata for Viola and Piano No. 2.m4a
"Sonata for Viola and Piano No. 2 in E flat, Op. 120 No. 2: III. Andante con moto - Allegro non troppo",Kim Kashkashian & Robert Levin,Johannes Brahms,Brahms: Sonaten für Viola und Klavier,"Sonata for Viola and Piano No.2 in E flat, Op.120 No.2",,,,,Classical,15103925,441,1,1,3,7,1997,2017-05-29 20:22,2009-01-29 22:21,256,44100,,Purchased AAC audio file,,,,,,,,E:\iTunes_library\Music\Kim Kashkashian & Robert Levin\Brahms_ Sonaten für Viola und Klavier\03 Sonata for Viola and Piano No. 2.m4a
"Sonata for Viola and Piano No. 1 in F minor, Op. 120: I. Allegro appassionato - Sostenuto ed espressivo",Kim Kashkashian & Robert Levin,Johannes Brahms,Brahms: Sonaten für Viola und Klavier,"Sonata for Viola and Piano No.1 in F minor, Op.120",,,,,Classical,16525717,484,1,1,4,7,1997,2017-05-29 20:23,2009-01-29 22:21,256,44100,,Purchased AAC audio file,,,,,,,,E:\iTunes_library\Music\Kim Kashkashian & Robert Levin\Brahms_ Sonaten für Viola und Klavier\04 Sonata for Viola and Piano No. 1.m4a
"Sonata for Viola and Piano No. 1 in F minor, Op. 120: II. Andante un poco adagio",Kim Kashkashian & Robert Levin,Johannes Brahms,Brahms: Sonaten für Viola und Klavier,"Sonata for Viola and Piano No.1 in F minor, Op.120",,,,,Classical,10567429,305,1,1,5,7,1997,2017-05-29 20:23,2009-01-29 22:21,256,44100,,Purchased AAC audio file,,,,,,,,E:\iTunes_library\Music\Kim Kashkashian & Robert Levin\Brahms_ Sonaten für Viola und Klavier\05 Sonata for Viola and Piano No. 1.m4a
"Sonata for Viola and Piano No. 1 in F minor, Op. 120: III. Allegretto grazioso",Kim Kashkashian & Robert Levin,Johannes Brahms,Brahms: Sonaten für Viola und Klavier,"Sonata for Viola and Piano No.1 in F minor, Op.120",,,,,Classical,9238619,264,1,1,6,7,1997,2017-05-29 20:23,2009-01-29 22:21,256,44100,,Purchased AAC audio file,,,,,,,,E:\iTunes_library\Music\Kim Kashkashian & Robert Levin\Brahms_ Sonaten für Viola und Klavier\06 Sonata for Viola and Piano No. 1.m4a
"Sonata for Viola and Piano No. 1 in F minor, Op. 120: IV. Vivace",Kim Kashkashian & Robert Levin,Johannes Brahms,Brahms: Sonaten für Viola und Klavier,"Sonata for Viola and Piano No.1 in F minor, Op.120",,,,,Classical,10769891,309,1,1,7,7,1997,2017-05-29 20:23,2009-01-29 22:21,256,44100,,Purchased AAC audio file,,,,,,,,E:\iTunes_library\Music\Kim Kashkashian & Robert Levin\Brahms_ Sonaten für Viola und Klavier\07 Sonata for Viola and Piano No. 1.m4a
"String Quartet No. 15 in G, D. 887: I. Allegro molto moderato",Gidon Kremer & Kremerata Baltica,Franz Schubert,Schubert: String Quartet in G Major,,,,,,Classical,45695222,1367,1,1,1,4,2005,2017-05-29 20:24,2009-01-29 22:09,256,44100,,Purchased AAC audio file,,,,,,,,"E:\iTunes_library\Music\Gidon Kremer & Kremerata Baltica\Schubert_ String Quartet in G Major\01 String Quartet No. 15 in G, D. 88.m4a"
"String Quartet No. 15 in G, D. 887: II. Andante un poco moto",Gidon Kremer & Kremerata Baltica,Franz Schubert,Schubert: String Quartet in G Major,,,,,,Classical,28025936,834,1,1,2,4,2005,2017-05-29 20:24,2009-01-29 22:09,256,44100,,Purchased AAC audio file,,,,,,,,"E:\iTunes_library\Music\Gidon Kremer & Kremerata Baltica\Schubert_ String Quartet in G Major\02 String Quartet No. 15 in G, D. 88.m4a"
"String Quartet No. 15 in G, D. 887: III. Scherzo. Allegro vivace - Trio. Allegretto",Gidon Kremer & Kremerata Baltica,Franz Schubert,Schubert: String Quartet in G Major,,,,,,Classical,15023345,440,1,1,3,4,2005,2017-05-29 20:24,2009-01-29 22:09,256,44100,,Purchased AAC audio file,,,,,,,,"E:\iTunes_library\Music\Gidon Kremer & Kremerata Baltica\Schubert_ String Quartet in G Major\03 String Quartet No. 15 in G, D. 88.m4a"
"String Quartet No. 15 in G, D. 887: IV. Allegro assai",Gidon Kremer & Kremerata Baltica,Franz Schubert,Schubert: String Quartet in G Major,,,,,,Classical,22105224,658,1,1,4,4,2005,2017-05-29 20:24,2009-01-29 22:09,256,44100,,Purchased AAC audio file,,,,,,,,"E:\iTunes_library\Music\Gidon Kremer & Kremerata Baltica\Schubert_ String Quartet in G Major\04 String Quartet No. 15 in G, D. 88.m4a"
Passava Amor Su Arco Desarmado (Love Walked by Unarmed),Monika Mauch & Nigel North,Anonymous,Musical Banquet,,,,,,Classical,5552387,148,1,1,1,24,2008,2017-05-29 20:24,2008-09-07 7:09,256,44100,,Purchased AAC audio file,,,,,,,,E:\iTunes_library\Music\Monika Mauch & Nigel North\Musical Banquet\01 Passava Amor Su Arco Desarmado (L.m4a
Lady If You So Spite Me,Monika Mauch & Nigel North,John Dowland,Musical Banquet,,,,,,Classical,5043160,138,1,1,2,24,2008,2017-05-29 20:24,2008-09-07 7:09,256,44100,,Purchased AAC audio file,,,,,,,,E:\iTunes_library\Music\Monika Mauch & Nigel North\Musical Banquet\02 Lady If You So Spite Me.m4a
Dovrò Dunque Morire? (Must I Then Die?),Monika Mauch & Nigel North,Giulio Caccini,Musical Banquet,,,,,,Classical,4479386,123,1,1,3,24,2008,2017-05-29 20:24,2008-09-07 7:09,256,44100,,Purchased AAC audio file,,,,,,,,E:\iTunes_library\Music\Monika Mauch & Nigel North\Musical Banquet\03 Dovrò Dunque Morire_ (Must I Then.m4a
Amarilli Mia Bella (My Fair Amaryllis),Monika Mauch & Nigel North,Giulio Caccini,Musical Banquet,,,,,,Classical,5843900,163,1,1,4,24,2008,2017-05-29 20:24,2008-09-07 7:09,256,44100,,Purchased AAC audio file,,,,,,,,E:\iTunes_library\Music\Monika Mauch & Nigel North\Musical Banquet\04 Amarilli Mia Bella (My Fair Amary.m4a
Si Le Parler Et Le Silence (If Words and Silence),Monika Mauch & Nigel North,Pierre Guédron,Musical Banquet,,,,,,Classical,8695246,249,1,1,5,24,2008,2017-05-29 20:24,2008-09-07 7:09,256,44100,,Purchased AAC audio file,,,,,,,,E:\iTunes_library\Music\Monika Mauch & Nigel North\Musical Banquet\05 Si Le Parler Et Le Silence (If Wo.m4a
Se di Farmi Morire (If You Think to Cause My Death),Monika Mauch & Nigel North,Domenico Maria Megli,Musical Banquet,,,,,,Classical,3957002,107,1,1,6,24,2008,2017-05-29 20:24,2008-09-07 7:09,256,44100,,Purchased AAC audio file,,,,,,,,E:\iTunes_library\Music\Monika Mauch & Nigel North\Musical Banquet\06 Se di Farmi Morire (If You Think.m4a
"O Eyes, Leave Off Your Weeping",Monika Mauch & Nigel North,Robert Hales,Musical Banquet,,,,,,Classical,6493821,182,1,1,7,24,2008,2017-05-29 20:24,2008-09-07 7:09,256,44100,,Purchased AAC audio file,,,,,,,,"E:\iTunes_library\Music\Monika Mauch & Nigel North\Musical Banquet\07 O Eyes, Leave Off Your Weeping.m4a"
Vuestros Ojos Tienen d'Amor (Your Eyes Hold I Know Not What of Love),Monika Mauch & Nigel North,Anonymous,Musical Banquet,,,,,,Classical,3554027,88,1,1,8,24,2008,2017-05-29 20:24,2008-09-07 7:09,256,44100,,Purchased AAC audio file,,,,,,,,E:\iTunes_library\Music\Monika Mauch & Nigel North\Musical Banquet\08 Vuestros Ojos Tienen d'Amor (Your.m4a
In a Grove Most Rich of Shade,Monika Mauch & Nigel North,Guillaume Tessier,Musical Banquet,,,,,,Classical,8537170,245,1,1,9,24,2008,2017-05-29 20:25,2008-09-07 7:09,256,44100,,Purchased AAC audio file,,,,,,,,E:\iTunes_library\Music\Monika Mauch & Nigel North\Musical Banquet\09 In a Grove Most Rich of Shade.m4a
"Lady Rich, Her Galliard",Nigel North,John Dowland,Musical Banquet,,,,,,Classical,4361290,117,1,1,10,24,2008,2017-05-29 20:25,2008-09-07 7:09,256,44100,,Purchased AAC audio file,,,,,,,,"E:\iTunes_library\Music\Monika Mauch & Nigel North\Musical Banquet\10 Lady Rich, Her Galliard.m4a"
"Go My Flock, Go Get You Hence",Monika Mauch & Nigel North,Anonymous,Musical Banquet,,,,,,Classical,8068885,229,1,1,11,24,2008,2017-05-29 20:25,2008-09-07 7:09,256,44100,,Purchased AAC audio file,,,,,,,,"E:\iTunes_library\Music\Monika Mauch & Nigel North\Musical Banquet\11 Go My Flock, Go Get You Hence.m4a"
O Bella Più Che Le Stelle (Oh Fairer Than the Stars of Diana),Monika Mauch & Nigel North,Anonymous,Musical Banquet,,,,,,Classical,3747154,100,1,1,12,24,2008,2017-05-29 20:25,2008-09-07 7:09,256,44100,,Purchased AAC audio file,,,,,,,,E:\iTunes_library\Music\Monika Mauch & Nigel North\Musical Banquet\12 O Bella Più Che Le Stelle (Oh Fai.m4a
My Heavy Sprite,Monika Mauch & Nigel North,Anthony Holborne,Musical Banquet,,,,,,Classical,5758310,161,1,1,13,24,2008,2017-05-29 20:25,2008-09-07 7:09,256,44100,,Purchased AAC audio file,,,,,,,,E:\iTunes_library\Music\Monika Mauch & Nigel North\Musical Banquet\13 My Heavy Sprite.m4a
Galliard,Nigel North,Daniel Batchelar,Musical Banquet,,,,,,Classical,4071145,106,1,1,14,24,2008,2017-05-29 20:25,2008-09-07 7:09,256,44100,,Purchased AAC audio file,,,,,,,,E:\iTunes_library\Music\Monika Mauch & Nigel North\Musical Banquet\14 Galliard.m4a
To Plead My Faith,Monika Mauch & Nigel North,Daniel Batchelar,Musical Banquet,,,,,,Classical,4774526,131,1,1,15,24,2008,2017-05-29 20:25,2008-09-07 7:09,256,44100,,Purchased AAC audio file,,,,,,,,E:\iTunes_library\Music\Monika Mauch & Nigel North\Musical Banquet\15 To Plead My Faith.m4a
Ce Penser Qui Sans Fin Tirannise Ma Vie (This Thought Which Endlessly Governs My Life),Monika Mauch & Nigel North,Pierre Guédron,Musical Banquet,,,,,,Classical,7729336,219,1,1,16,24,2008,2017-05-29 20:25,2008-09-07 7:09,256,44100,,Purchased AAC audio file,,,,,,,,E:\iTunes_library\Music\Monika Mauch & Nigel North\Musical Banquet\16 Ce Penser Qui Sans Fin Tirannise.m4a
"O Dear Life, When Shall It Be?",Monika Mauch & Nigel North,Anonymous,Musical Banquet,,,,,,Classical,6366556,180,1,1,17,24,2008,2017-05-29 20:25,2008-09-07 7:09,256,44100,,Purchased AAC audio file,,,,,,,,"E:\iTunes_library\Music\Monika Mauch & Nigel North\Musical Banquet\17 O Dear Life, When Shall It Be_.m4a"
"Sir Robert Sidney, His Galliard",Nigel North,John Dowland,Musical Banquet,,,,,,Classical,5375960,149,1,1,18,24,2008,2017-05-29 20:25,2008-09-07 7:09,256,44100,,Purchased AAC audio file,,,,,,,,"E:\iTunes_library\Music\Monika Mauch & Nigel North\Musical Banquet\18 Sir Robert Sidney, His Galliard.m4a"
Change Thy Mind Since She Doth Change,Monika Mauch & Nigel North,Richard Martin,Musical Banquet,,,,,,Classical,5740931,161,1,1,19,24,2008,2017-05-29 20:25,2008-09-07 7:09,256,44100,,Purchased AAC audio file,,,,,,,,E:\iTunes_library\Music\Monika Mauch & Nigel North\Musical Banquet\19 Change Thy Mind Since She Doth Ch.m4a
"Sir Thomas Monson, His Pavin and Galliard",Nigel North,Robert Dowland,Musical Banquet,,,,,,Classical,16192935,476,1,1,20,24,2008,2017-05-29 20:25,2008-09-07 7:09,256,44100,,Purchased AAC audio file,,,,,,,,"E:\iTunes_library\Music\Monika Mauch & Nigel North\Musical Banquet\20 Sir Thomas Monson, His Pavin and.m4a"
Vous Que Le Bonheur Rappelle (You Whom Happiness Recalls),Monika Mauch & Nigel North,Pierre Guédron,Musical Banquet,,,,,,Classical,3724956,99,1,1,21,24,2008,2017-05-29 20:25,2008-09-07 7:09,256,44100,,Purchased AAC audio file,,,,,,,,E:\iTunes_library\Music\Monika Mauch & Nigel North\Musical Banquet\21 Vous Que Le Bonheur Rappelle (You.m4a
In Darkness Let Me Dwell,Monika Mauch & Nigel North,John Dowland,Musical Banquet,,,,,,Classical,8598779,246,1,1,22,24,2008,2017-05-29 20:25,2008-09-07 7:09,256,44100,,Purchased AAC audio file,,,,,,,,E:\iTunes_library\Music\Monika Mauch & Nigel North\Musical Banquet\22 In Darkness Let Me Dwell.m4a
Sta Notte Mi Sognava (Last Night I Dreamed),Monika Mauch & Nigel North,Anonymous,Musical Banquet,,,,,,Classical,5261758,145,1,1,23,24,2008,2017-05-29 20:25,2008-09-07 7:09,256,44100,,Purchased AAC audio file,,,,,,,,E:\iTunes_library\Music\Monika Mauch & Nigel North\Musical Banquet\23 Sta Notte Mi Sognava (Last Night.m4a
Far from Triumphing Court,Monika Mauch & Nigel North,John Dowland,Musical Banquet,,,,,,Classical,13592430,400,1,1,24,24,2008,2017-05-29 20:25,2008-09-07 7:09,256,44100,,Purchased AAC audio file,,,,,,,,E:\iTunes_library\Music\Monika Mauch & Nigel North\Musical Banquet\24 Far from Triumphing Court.m4a
